{"minVersion":"0.1","headerImage":"https://repo.dynastic.co/data/static/version/174906684227977216/174906684597075968?size=1000","tintColor":"#9400D3","tabs":[{"tabname":"Details","views":[{"title":"Dots","useBoldText":true,"useBottomMargin":false,"class":"DepictionSubheaderView"},{"screenshots": [{"url": "https://repo.dynastic.co/data/static/version/174906684227977216/174906684639019008","accessibilityText": "Screenshot"},{"url": "https://repo.dynastic.co/data/static/version/174906684227977216/174906684639019009","accessibilityText": "Screenshot"},{"url": "https://repo.dynastic.co/data/static/version/174906684227977216/174906684639019010","accessibilityText": "Screenshot"},{"url": "https://repo.dynastic.co/data/static/version/174906684227977216/174906684639019011","accessibilityText": "Screenshot"},{"url": "https://repo.dynastic.co/data/static/version/174906684227977216/174906684639019012","accessibilityText": "Screenshot"}],"itemCornerRadius": 6,"class": "DepictionScreenshotsView","itemSize": "{160, 275.41333333333336}"},{"markdown":"An amazing respring Tweak \n\n### Make your respring more... Android-like\n\nDots includes an android like respring interface \n\n###  \n\n \n\n###  \n\n","useSpacing":true,"class":"DepictionMarkdownView"},{"class":"DepictionSeparatorView"},{"title":"Latest Version","class":"DepictionHeaderView"},{"title":"Version","text":"2.6","class":"DepictionTableTextView"},{"title":"Released","text":"2019-5-10","class":"DepictionTableTextView"},{"title":"Price","text":"FREE","class":"DepictionTableTextView"},{"class":"DepictionSeparatorView"},{"title":"Tweak Website","action":"https://the3gamingstars.github.io/depictions/com.etaidev.dots.html","class":"DepictionTableButtonView"},{"spacing":12,"class":"DepictionSpacerView"},{"title":"Developer","text":"EtaiDev","class":"DepictionTableTextView"},{"markdown":"<small style=\"color: #aaa; font-size: 8pt;\">All prices shown are in American Dollars (USD).</small><style>body { text-align: center; }</style>","useRawFormat":true,"class":"DepictionMarkdownView"},{"URL":"https://assets.dynastic.co/brand/img/footer@2x.png","width":44,"height":27,"alignment":1,"cornerRadius":0,"class":"DepictionImageView"},{"spacing":20,"class":"DepictionSpacerView"}],"class":"DepictionStackView"},{"tabname":"Changelog","views":[{"title":"2.6","useBoldText":true,"useBottomMargin":true,"class":"DepictionSubheaderView"},{"markdown":"Nothing changed except added latest version and latest release date to details page","useSpacing":false,"class":"DepictionMarkdownView"},{"markdown":"<small style=\"color: #999; margin-top: -8px;\"> Released on 2019-5-10</small>","useRawFormat":true,"class":"DepictionMarkdownView"},{"class":"DepictionSeparatorView"},{"title":"2.4","useBoldText":true,"useBottomMargin":true,"class":"DepictionSubheaderView"},{"markdown":"Nothing changed just testing an update changelog system","useSpacing":false,"class":"DepictionMarkdownView"},{"markdown":"<small style=\"color: #999; margin-top: -8px;\"> Released on 2019-5-9</small>","useRawFormat":true,"class":"DepictionMarkdownView"},{"class":"DepictionSeparatorView"},{"title":"2.0","useBoldText":true,"useBottomMargin":true,"class":"DepictionSubheaderView"},{"markdown":"Added Sileo Support","useSpacing":false,"class":"DepictionMarkdownView"},{"markdown":"<small style=\"color: #999; margin-top: -8px;\"> Released on 2019-5-8</small>","useRawFormat":true,"class":"DepictionMarkdownView"}],"class":"DepictionStackView"}],"class":"DepictionTabView"}
