{"minVersion":"0.1","headerImage":"https://the3gamingstars.github.io/repo/screenshots/dotsthemeheader.png","tintColor":"#f23400","tabs":[{"tabname":"Details","views":[{"title":"Dots Theme","useBoldText":true,"useBottomMargin":false,"class":"DepictionSubheaderView"},{"screenshots": [{"url": "https://the3gamingstars.github.io/repo/screenshots/dotstheme1.png","accessibilityText": "Screenshot"}],"itemCornerRadius": 6,"class": "DepictionScreenshotsView","itemSize": "{160, 275.41333333333336}"},{"markdown":"A minimalistic iOS Theme for iOS 7-12.1.2 \n\n### \n\n \n\n###  \n\n \n\n###  \n\n","useSpacing":true,"class":"DepictionMarkdownView"},{"class":"DepictionSeparatorView"},{"title":"Latest Version","class":"DepictionHeaderView"},{"title":"Version","text":"1.0","class":"DepictionTableTextView"},{"title":"Released","text":"2019-5-11","class":"DepictionTableTextView"},{"title":"Price","text":"FREE","class":"DepictionTableTextView"},{"class":"DepictionSeparatorView"},{"title":"Tweak Website","action":"https://the3gamingstars.github.io/depictions/com.etaidev.dotstheme.html","class":"DepictionTableButtonView"},{"spacing":12,"class":"DepictionSpacerView"},{"title":"Developer","text":"EtaiDev","class":"DepictionTableTextView"},{"markdown":"<small style=\"color: #aaa; font-size: 8pt;\">All prices shown are in American Dollars (USD).</small><style>body { text-align: center; }</style>","useRawFormat":true,"class":"DepictionMarkdownView"},{"URL":"https://the3gamingstars.github.io/branding/footer.png","width":44,"height":27,"alignment":1,"cornerRadius":0,"class":"DepictionImageView"},{"spacing":20,"class":"DepictionSpacerView"}],"class":"DepictionStackView"},{"tabname":"Changelog","views":[{"title":"1.0","useBoldText":true,"useBottomMargin":true,"class":"DepictionSubheaderView"},{"markdown":"Release","useSpacing":false,"class":"DepictionMarkdownView"},{"markdown":"<small style=\"color: #999; margin-top: -8px;\"> Released on 2019-5-11</small>","useRawFormat":true,"class":"DepictionMarkdownView"}],"class":"DepictionStackView"}],"class":"DepictionTabView"}