{  
   "class":"FeaturedBannersView",
   "itemSize":"{263, 148}",
   "itemCornerRadius":10,
   "banners":[  
      {  
         "url":"https://repo-cdn.dynastic.co/91373858589769729.97ea6548c456372ba1ba0e6640e7e73f-750?size=750",
         "title":"Notifica",
         "package":"com.etaidev.dots",
         "hideShadow":false
      },
      {  
         "url":"https://repo-cdn.dynastic.co/91373858589769729.97ea6548c456372ba1ba0e6640e7e73f-750?size=750",
         "title":"Short Look",
         "package":"com.etaidev.dots",
         "hideShadow":false
      },
   ]
}